{
"bright" : [[ 739389.735423617181368, 9556818.114587903022766],
[ 738109.735423599602655, 9556458.114587903022766],
[ 733769.735423543374054, 9567428.114587903022766],
[ 737679.735423593781888, 9563838.114587903022766]],
"bright 2" : [[ 710449.735423306003213, 9552198.114587903022766],
[ 710389.735423306934536, 9552828.114587903022766],
[ 708609.735423293779604, 9552748.114587903022766],
[ 706769.735423277830705, 9552008.114587903022766]],
"dark 2" : [[ 711579.7354233157821, 9561168.114587903022766],
 [711459.735423314385116, 9561318.114587903022766],
 [ 704989.735423265374266, 9563388.114587903022766],
 [ 705849.7354232724756, 9565268.114587903022766]]
}
